milestoneType	line
combo-cap	4 for 4 today. Combo capped.
combo-cap	Fourth one done. That's today's max multiplier.
combo-cap	Combo cap hit — 4 done today.
combo-cap	4/4 today. Nice run.
combo-cap	Today's combo is maxed out.
combo-cap	Fourth Done logged. Cap reached.
streak-3	3-workday streak.
streak-3	3 in a row.
streak-3	Streak: 3 workdays.
streak-3	3 straight workdays with a Done.
streak-3	3-day streak reached.
streak-5	5-workday streak.
streak-5	5 in a row.
streak-5	Streak: 5 workdays.
streak-5	5 straight workdays with a Done.
streak-5	5-day streak reached.
streak-10	10-workday streak.
streak-10	10 in a row.
streak-10	Streak: 10 workdays.
streak-10	10 straight workdays with a Done.
streak-10	Double digits — 10-day streak.
streak-20	20-workday streak.
streak-20	20 in a row.
streak-20	Streak: 20 workdays.
streak-20	20 straight workdays with a Done.
streak-30	30-workday streak.
streak-30	30 in a row.
streak-30	Streak: 30 workdays.
streak-30	30 straight workdays with a Done.
streak	Streak milestone reached.
streak	Another streak milestone.
streak	Streak keeps extending.
streak	New streak milestone hit.
streak	Streak count just passed another marker.
streak	Milestone reached — streak intact.
